tiempo,magnitud
828,0.3325076193147005,-0.4755207611285086
426,-0.5437213718267832,-0.5918324026601463
208,-1.0091485932460955,0.6643333258815332
207,-1.0093338241522996,0.5829151768093843
158,-1.080630041403218,-0.5724471290715406
94,-1.1719073687966697,-0.556938910200654
183,-1.0428471750660564,0.8039072957194958
993,0.8997759084034528,1.730523373254868
1086,1.371367765938473,0.6333168881397633
294,-0.8675526266089741,0.33090662015750677
1081,1.3538787792361429,0.00523402386892535
806,0.2555063329305899,-0.7546687008044303
940,0.7460485156344879,1.2458915335397147
1108,1.5283718264046928,-0.4793978158462277
844,0.400766675661749,-0.18474165729941613
374,-0.7008288856085616,-0.006397140284238765
289,-0.8794257337404692,0.6643333258815332
201,-1.0164610766364217,0.6682103805992522
1175,2.1801984788797055,-1.2897022518499655
535,-0.35538677156884,-0.28554507996016715
369,-0.7266186025921835,-0.12658583653359898
555,-0.33521237833093936,-1.5649731368081787
1009,0.9347891126819673,0.04400457104613677
889,0.5635872569294215,0.2456114163676389
668,-0.2070815911448857,-0.27779097052472557
507,-0.3933398120624297,-2.5264827068030353
946,0.7575541743405684,0.8465548976144296
1154,1.973825060100301,-1.204407048060098
627,-0.257967221489677,0.11766861068284053
791,0.22206913587943622,-1.095849515963905
872,0.5056073976792829,0.501497027737239
982,0.8706584940287949,1.7731709751498017
481,-0.43980299941176276,0.48986586358407835
167,-1.0644286134228642,0.5829151768093843
702,-0.12444771988028841,-0.7624228102398787
72,-1.250584172566384,-0.4096108309272465
870,0.49955982240948565,0.1021603918119539
358,-0.7426738703896576,-0.06067590633233681
438,-0.5159880304057983,-0.9640296555613842
365,-0.7323440655604236,0.7845220221308901
85,-1.2025416110280795,-1.3788745103575526
1072,1.2945349556795842,-0.006397140284238765
1050,1.1152852414643746,1.4087278316840053
1182,2.2209022179008504,-0.4173649403626915
1091,1.3843179879595477,0.14868504842461033
525,-0.36915814809831937,0.33090662015750677
150,-1.0893285329499056,-0.11495467238043486
1128,1.7601276878534047,-0.16147932899308787
1065,1.259631064161113,-0.0141512497196838
1138,1.8794521010366514,-1.3090875254385712
469,-0.4620522223728828,-0.7003899347563389
883,0.5420552302623943,-0.45613548753990296
1037,1.0266818345238873,-0.17698754786397453
1213,2.4773578654548083,-1.5184484801955187
782,0.20742806908561012,-0.7662998649576012
661,-0.2189494426733448,0.1021603918119539
526,-0.3684992043146143,-1.5145714254777962
380,-0.6946369500398762,0.34253778431067083
662,-0.2187127120955252,0.05563573519930089
305,-0.8457322038180055,0.17582443144865761
430,-0.5306437654538338,-0.6228488404019161
18,-1.3929688245032312,0.7535055843891202
961,0.8141378008710659,0.7496285296713976
109,-1.1530668132702653,-0.26615980637156145
189,-1.0384293794670665,0.21847203334359158
1030,0.9856937065578713,0.5945463409625485
964,0.8271882431097136,0.4627264805600277
36,-1.3754779680750064,-1.6851618330575318
58,-1.2738573287197033,1.8235726864801771
1105,1.5125335690333315,-0.370840283750035
62,-1.2680218123762668,-1.0803412970930253
851,0.43006605292369615,0.8465548976144296
622,-0.26259194118027684,-0.9795378744322674
1132,1.808232913582176,-0.3979796667740893
108,-1.1531910634668396,-0.5065371988702785
910,0.6291325974904367,0.3968165503587655
279,-0.8895561428529921,1.0908093448308656
303,-0.8471918573486868,-0.16535638371081038
621,-0.2637855450852009,0.16031621257777445
306,-0.8445794879808785,0.7263662013650694
79,-1.236133761066407,-0.3630861743145934
143,-1.1037143275962784,-0.06067590633233681
937,0.7414527803327208,2.1492452827687623
437,-0.5172246118153946,-0.173110493146252
1219,2.53248350593001,-1.2431775952373092
23,-1.3900050237859287,-0.4251190497981331
558,-0.33224145373974623,-0.45613548753990296
1062,1.2391046662881011,0.6914727089055804
1019,0.961026204871276,0.9473583202751806
752,0.08794439454293577,1.284662080716926
677,-0.18100985838596947,-0.23514336862979165
1115,1.5649415694806927,0.49374291830179745
106,-1.1559172416670425,0.009111078586644424
1135,1.8487109192147961,-0.8709803423360714
663,-0.21733478668413683,0.1448079937068878
740,0.025251925390197837,0.040127516328414256
1197,2.3870752860692543,-0.2428974780652367
1163,2.0712615162845736,-1.1850217744714922
654,-0.22744928202855477,0.11766861068284053
196,-1.0267511370589792,0.48598880886635587
204,-1.0122486526017918,0.6643333258815332
601,-0.28293730157119124,-0.4251190497981331
934,0.709508093061466,0.6139316145511577
352,-0.7544437599220037,0.2301031974967557
582,-0.3062603568525634,-0.7314063724981088
1015,0.9451510651561263,0.4200788786650937
1071,1.2928207531561324,0.33866072959294835
205,-1.0107921143108904,0.6410709975752049
635,-0.25068919489212976,0.18745559560182176
431,-0.527729037402087,-0.5026601441525559
132,-1.1212165013225117,-0.38634850262092174
902,0.5985228930468492,0.6992268183410221
650,-0.23352193345081879,0.009111078586644424
313,-0.8359077720729142,0.5945463409625485
688,-0.15916545217727282,-0.22738925919435005
1053,1.1441776805261625,-0.3398238460082652
938,0.7431333161498989,1.1761045486207333
913,0.6364226659957148,0.2301031974967557
70,-1.2523066600853183,-1.867383404790428
395,-0.6029393111773048,-0.021905359155125398
497,-0.40403138920760284,-0.12270878181587647
354,-0.7527073112981127,0.19908675975498588
419,-0.5551627818042763,-0.5763241837892596
393,-0.6043647785525793,-0.21188104032346688
228,-0.9802357778097519,1.4513754335789462
1212,2.474397213443198,-1.3478580726157827
790,0.22062441978528585,-0.9950460933031507
217,-1.000608942552386,0.9706206485815089
417,-0.5594303096436024,-0.4832748705639502
997,0.9117131769611618,1.6491052241827224
98,-1.167858991746723,-0.7042669894740615
560,-0.32630505950083594,-0.25065158750067823
1216,2.501990153728042,-1.696792997210696
1016,0.9522583777775508,0.5945463409625485
491,-0.4223224664895019,0.8775713353561995
1005,0.9275912471260627,1.598703512852347
611,-0.27104447428800016,-0.5104142535879975
1047,1.0978569488288819,4.002477437839507
1061,1.2348006795215267,-0.21575809504118595
890,0.5651061058361527,-0.09556939879182916
461,-0.47526807351327516,-0.3979796667740893
983,0.878288206607768,1.304047354305535
1201,2.4046505813555434,-0.5104142535879975
119,-1.1414289380258023,-0.18861871201713865
1000,0.915843974729263,1.8933596713991585
290,-0.8792951337510793,0.43558709753598035
942,0.7489668638247574,0.7573826391068392
22,-1.3900563037465532,0.8969566089448051
253,-0.9302100176670461,0.028496352175250133
12,-1.400116959715681,-1.072587187657577
400,-0.5975360114370034,-0.370840283750035
11,-1.4002198892169866,-0.4483813781044579
4,-1.406212126420717,-0.9911690385854315
52,-1.3070876889816208,-0.7546687008044303
315,-0.8344396138357711,0.24173436164991638
610,-0.27128401745736613,-0.18474165729941613
153,-1.0864073401572076,-0.3941026120563633
142,-1.103885699250311,0.05563573519930089
296,-0.8649044210708658,1.854589124221947
26,-1.3815145476105393,1.3777113939422354
368,-0.7270152522073299,-0.3514550101614293
346,-0.7614274785697138,-0.15760227427536191
1001,0.9189169034165804,1.3118014637409767
280,-0.8886117494005382,1.183858658056175
723,-0.0441962227839821,0.2301031974967557
1073,1.2972311906198615,-0.45613548753990296
581,-0.3074133404169724,-0.4057337762095274
292,-0.8750868522142067,0.7690138032600035
1121,1.6258975900095498,-0.3785943931854767
658,-0.22183409214647962,-0.029659468590566986
1171,2.1629210127390817,-0.6306029498373578
232,-0.9715303631846429,1.094686399548588
1055,1.1703694031256913,0.047881625763855844
528,-0.36710216404799667,0.5867922315271069
47,-1.32188434752501,-0.797316302699371
680,-0.17518495073625975,0.1370538842714462
730,-0.0009245905904774835,0.8969566089448051
1151,1.934578195484213,-1.417645057534764
644,-0.24077166825838467,-0.10332350822727075
199,-1.0223545428420022,0.3890624409233239
1021,0.9639096917677684,0.6100545598334352
146,-1.0977659947574516,0.6914727089055804
966,0.8343442588166375,0.8465548976144296
445,-0.49851020967736015,-0.1420940554044822
35,-1.3756787097033585,-4.150968633528227
671,-0.20291485535369924,-0.1420940554044822
976,0.8533394312160814,0.7263662013650694
878,0.530255196674653,0.3192754560043426
564,-0.3233890029979289,-0.06067590633233681
277,-0.8944278817064129,0.9434812655574617
767,0.14011083077093067,-0.5608159649183765
65,-1.262096701969464,-0.7391604819335503
733,0.009279412969972622,0.18745559560182176
1124,1.6737063514197863,-0.2739139158070031
391,-0.6060033481176118,-0.16147932899308787
765,0.1349714417481803,-1.0532019140689712
1118,1.583596860634981,-0.8399639045943015
168,-1.0631988008574926,0.18357854088409922
435,-0.5204534698214602,-0.6228488404019161
100,-1.1676529275835117,-0.16147932899308787
1187,2.315979710048954,-0.5453077460474899
43,-1.3624305072125027,-1.1695135556006089
415,-0.5623859417685879,-0.5879553479424238
80,-1.2359504158915169,-0.44062726866901625
104,-1.1562640270751088,-0.6693734970145692
337,-0.7749454861435461,-0.44450432338673884
701,-0.12450876752175216,-0.7430375366512729
404,-0.5887730019794061,-0.3979796667740893
230,-0.9758959534178165,1.0791781806777014
773,0.16193216441668998,-1.1888988291892146
376,-0.6975417925525895,0.9357271561220166
874,0.5127937786076215,0.5596528485030596
807,0.25680857736725626,-0.886488561206958
429,-0.531893111925844,-0.5065371988702785
1158,2.015908358542307,-1.2393005405195834
924,0.6741016745162987,1.0520387976536543
258,-0.9249398438648673,0.5286364107612898
344,-0.7631879077012633,0.2533655258030804
1004,0.9245697497234971,1.4474983788612201
462,-0.47524875786258725,-0.4018567214918049
834,0.3602492282706867,-0.556938910200654
915,0.6420966307473912,0.17582443144865761
751,0.07481522156655898,-0.7352834272158313
257,-0.9264420878596932,3.203804165988933
421,-0.5511658855104127,-0.6228488404019161
589,-0.2960263256398837,-0.43287315923357467
565,-0.3221484798860556,-0.20412693088802183
127,-1.1284273007254177,-0.05292179689689522
409,-0.5796727725440828,-0.1537252195576463
301,-0.8532892313488023,0.00523402386892535
260,-0.9162666118056453,10.159240329580808
1076,1.3250278029828093,-0.21575809504118595
112,-1.148981334165551,-0.45613548753990296
543,-0.3466448456350504,-0.06843001576778529
847,0.41235911438461986,0.24173436164991638
1052,1.1327105541787732,0.9589894844283449
1018,0.9596692625859603,0.4394641522536994
909,0.624763520982376,0.33866072959294835
88,-1.1998664101402574,-1.3943827292284323
919,0.6528821117832347,1.00939119575872
33,-1.378428549757545,-1.0880954065284603
916,0.6450221348224224,0.10603744652967642
962,0.816988533371127,-0.11107761766271233
1166,2.104480912823119,-1.6037436839853865
1172,2.165836615269639,-0.929136163101885
95,-1.1692967527515803,-0.8050704121348127
532,-0.36186850155450884,-0.18861871201713865
1039,1.0426520727172202,-0.0141512497196838
1002,0.9216034725287929,1.8158185770447355
359,-0.739983545820236,-0.2622827516538424
78,-1.2388934008123043,-0.940767327255056
673,-0.19868607958404474,-0.056798851614617736
75,-1.2418354108565468,-1.5223255349132445
777,0.1829734513328324,-0.6538652781436859
1059,1.2066651637000376,0.009111078586644424
943,0.7516213507688287,0.5790381220916654
604,-0.281231352032361,-0.3941026120563633
779,0.19870158694213444,-1.1191118442702335
494,-0.40640300335806095,-0.7391604819335503
345,-0.7617102509656134,0.45109531640686357
722,-0.04590362008721775,0.06726689935246155
1097,1.4267298168827902,0.3658001126169991
245,-0.9447400023726693,0.5751610673739428
712,-0.06615986075767766,0.33478367487522925
92,-1.1721895024301694,-0.5840782932247012
795,0.22940448958219,-0.4212419950804106
1041,1.0628739919135872,0.7767679126954484
39,-1.3683378166648457,-1.4525385499942565
853,0.4341983159166731,0.311521346568901
808,0.25966919540635147,-1.227669376366426
1092,1.3875278838895413,0.1331768295537237
1177,2.1947547867067425,-1.2005299933423788
920,0.6552776220490466,1.808064467609294
1204,2.4337383885844317,-1.4409073858410921
120,-1.1402291705731415,-0.12658583653359898
1209,2.4569512042455286,-1.161759446165164
1120,1.5910732047649117,-1.2741940329790857
682,-0.17266424595318136,0.46660353527775017
175,-1.0556018441299915,0.22234908806131065
753,0.09513559019731077,0.16419326729549352
1099,1.4628963408398368,-0.3475779554437068
1017,0.9565806034655259,0.6139316145511577
319,-0.829932797459,-0.30493035354877285
986,0.8825058003981,1.1489651655966862
405,-0.585698724470378,-0.29717624411333127
973,0.8489617990751767,1.280785025999207
684,-0.1708631455547342,0.2262261427790332
739,0.022346847161074546,-0.18086460258169362
963,0.8183504431616349,0.5712840126562169
510,-0.38655338223409597,0.6139316145511577
402,-0.5941891337139338,0.501497027737239
141,-1.1053048677591522,-0.8011933574170901
492,-0.4155873340822636,-0.21963514975890847
1044,1.0803643594485,1.0210223599118844
700,-0.12599576997675221,0.12929977483600463
3,-1.4062259362015574,-0.9950460933031507
126,-1.1286102239388291,-0.4522584328221804
67,-1.2551456882468333,-0.7624228102398787
728,-0.0064558639736904165,0.26111963523851867
432,-0.5273491440229628,-0.4212419950804106
77,-1.2391321699006053,-0.9562755461259391
600,-0.28412246770147664,-0.3514550101614293
1106,1.5184149773257503,-0.28554507996016715
754,0.09803620581998385,-0.3475779554437068
267,-0.9118972151888703,1.986408984624468
450,-0.4941137158581282,-0.8089474668525352
1174,2.1759701585374516,-0.9175049989487277
115,-1.1459351476510562,-0.8244556857234183
177,-1.0528067537992813,0.15643915786005194
829,0.3369133060741365,-0.5104142535879975
897,0.5898586036609883,0.06338984463474248
977,0.8562749226829215,0.4627264805600277
114,-1.1475299990962637,-0.4949060347171143
32,-1.3786403220411028,-0.6034635668133069
473,-0.4504567848133972,0.028496352175250133
886,0.5549362040388158,2.560213082847212
7,-1.4047204925746581,-1.0454478046335296
803,0.24407002577697612,-0.9679067102791032
190,-1.036669101659644,-0.08781528935638756
618,-0.2654731887708291,0.687595654187858
639,-0.24778408319709475,-0.21188104032346688
869,0.4966621212311337,0.2262261427790332
774,0.16693905025825553,-0.8748573970537938
484,-0.43450583025989087,-0.4755207611285086
801,0.23966170976097168,-0.6422341139905149
1107,1.5214037872637072,0.028496352175250133
954,0.7894936409297392,7.883409210278452
30,-1.3798797669686378,-1.262562868825915
243,-0.946810806001318,0.8194155145903824
538,-0.35172470316759463,0.4472182616891444
357,-0.744066968953998,0.3696771673347181
338,-0.7746248725327872,0.2998901824157369
327,-0.8111815973694922,2.6804017790965684
755,0.10380486454883574,-0.3281926818551011
1066,1.26381139002216,-0.29329918939560873
607,-0.27852043137739335,-0.23126631391207256
470,-0.4563620906762102,-0.5375536366120482
547,-0.3425145891416731,-0.9601526008436617
231,-0.9729564198509645,1.3893425580953995
348,-0.7599833008402286,0.14093093898916528
720,-0.05163043042212873,0.12542272011828212
505,-0.3953558669160478,0.26111963523851867
326,-0.8112266133846353,0.3813083314878823
372,-0.7096163644671084,0.6139316145511577
239,-0.956896840771146,1.338940846765024
275,-0.9011428734555167,2.2267863771231853
1146,1.9185601636051421,-1.1074806801170691
111,-1.1501597139911413,-1.0687101329398545
1156,2.002899782158071,-1.278071087696798
99,-1.1676798894673035,-0.30493035354877285
9,-1.4033065098269393,0.0944062823765123
49,-1.3174989687532772,-0.7585457555221561
272,-0.90462312883856,-0.5802012385069822
466,-0.46636826705263995,-0.033536523308289504
840,0.3876507391806176,-0.04516768746145362
1136,1.8646400336239106,-0.793439247981645
13,-1.3989535333320628,-0.22738925919435005
572,-0.3163840145813324,-0.9601526008436617
894,0.5781684881297678,0.40457065979421053
390,-0.6060250718588486,0.501497027737239
643,-0.24195899075735663,-0.9562755461259391
193,-1.0297232911586272,0.7612596938245618
446,-0.49701609935390006,-0.797316302699371
209,-1.0078820351106623,0.6798415447524164
949,0.7707933337603077,0.30376723713345943
504,-0.3962451929397864,0.5247593560435673
318,-0.8315198513469972,1.6607363883358865
896,0.5855644675125067,0.3658001126169991
656,-0.22597117132053318,1.7188922091017036
818,0.29636386236226614,-0.6926358253208973
1220,2.546951264412097,-1.4602926594296979
1211,2.4699855639314845,-1.3672433462043954
328,-0.7835995364157369,0.05563573519930089
191,-1.0339679821514272,-0.18474165729941613
413,-0.5694601289584842,-0.20412693088802183
41,-1.3667369704564785,0.05951278991701996
991,0.8957434102006601,1.3699572845067938
595,-0.2914301858371082,-0.316561517701937
262,-0.914750271387176,1.5599329656751355
392,-0.6047788406266186,-0.7352834272158313
972,0.8445709304390269,1.0016370863232789
83,-1.2257727674633412,-0.793439247981645
693,-0.1448727538745834,-0.24677453278295577
202,-1.015161695717683,0.6914727089055804
710,-0.07768389224878398,0.5906692862448294
310,-0.8385642466010744,-1.9294162802739678
248,-0.9418520848805869,1.0636699618068182
60,-1.2710608910223224,-0.6693734970145692
679,-0.17548274496098393,4.23510072090278
653,-0.22779603251564814,-0.19637282145258023
761,0.12264330008253387,-0.9175049989487277
1054,1.150000364875362,0.4317100428182578
750,0.06462398306851226,-0.3824714479031992
592,-0.29316511830974185,-0.056798851614617736
787,0.21618045238901035,-0.3902255573386408
194,-1.0295214713459266,2.7036641074028966
246,-0.9433085227737643,-1.0842183518107342
295,-0.8664094951176982,0.7535055843891202
784,0.21194232944496533,-0.9523984914082201
309,-0.8414587816132645,2.6493853413547988
863,0.4836519282979046,0.3502918937461124
138,-1.1139651325054722,0.02074224273980854
1145,1.9141420973687788,-0.9368902725373335
988,0.8883227926323839,0.9667435938637933
342,-0.7647603107955326,-0.5414306913297708
1186,2.289189029128265,-0.460012542257622
556,-0.33500911075383333,-1.731686489670185
1094,1.3931259625059054,0.6449480522929275
121,-1.139995539229661,-0.6422341139905149
299,-0.8547422498989052,-0.3592091195968709
464,-0.4708253021595526,0.3231525107220652
1013,0.9420663477379794,1.1489651655966862
373,-0.7036849057225304,-0.09169234407410663
1143,1.9041619574709716,-0.021905359155125398
1181,2.215016853355764,-1.8983998425321913
747,0.054523044328064305,-0.370840283750035
1215,2.4947536044893286,-1.634760121727153
499,-0.4025886606975523,0.3192754560043426
509,-0.39041604093956594,0.14868504842461033
904,0.6102557329058507,0.6643333258815332
467,-0.465062873910271,-0.19249576673485772
370,-0.7108598165737038,0.36192305789927653
384,-0.6888144010093628,0.1719473767309351
619,-0.26524437360843567,0.23398025221447477
899,0.5928995185670267,2.6610165055079626
907,0.6217231458960422,0.2649966899562446
864,0.4868672791713525,0.1448079937068878
542,-0.3473632045057859,0.311521346568901
448,-0.4955783208885615,-0.4949060347171143
714,-0.06195366720261782,0.21847203334359158
813,0.2757299530682533,-0.7818080838284843
586,-0.29866024996433077,-0.03741357802600858
877,0.5275803144405052,-0.4251190497981331
1214,2.4802350214740074,-1.2974563612854073
129,-1.12693123628378,-0.6189717856841935
1155,1.9866520417222975,-1.2586858141081922
398,-0.6000193464380325,-1.0338166404803655
1185,2.26951204408774,-0.4522584328221804
130,-1.1242104635556796,-0.5840782932247012
903,0.6043345467408328,0.5363905201967314
935,0.7357801294818038,1.5172853637802017
975,0.8521942772197545,1.3428179014827466
956,0.8010870719896142,0.3696771673347181
1093,1.3902549874949353,0.4472182616891444
28,-1.3812350243180869,-0.7003899347563389
487,-0.4310842304332034,-0.6461111687082409
731,0.0008182733030122165,0.4394641522536994
203,-1.0137023448352354,0.7806449674131675
1083,1.359622076624765,-0.23902042334751417
819,0.29777474587563574,-0.6654964422968467
433,-0.5261020208514735,-0.8011933574170901
926,0.6799618974321457,1.7382774826903094
154,-1.086181151341292,0.3890624409233239
176,-1.0530205631382805,-0.08781528935638756
974,0.8518424908405939,1.8894826166814394
1205,2.4409215349597453,-1.2509317046727544
283,-0.8864804190346096,0.11766861068284053
1152,1.9579254349787718,-0.8671032876183522
843,0.39635325682187567,-0.0025200855665128015
895,0.5839577109332943,0.311521346568901
185,-1.0414037059408316,0.5170052466081256
519,-0.3749819106318571,0.3968165503587655
715,-0.06024157157650045,0.2456114163676389
163,-1.0762712374747394,-0.22738925919435005
29,-1.3800350211490051,-0.5646930196360956
866,0.4895240738082267,0.9434812655574617
148,-1.0962955797538867,-0.23514336862979165
637,-0.2492390223994742,0.46660353527775017
545,-0.3440228788260409,-0.3824714479031992
686,-0.16675223817796697,-0.5491848007652124
273,-0.9046061368861062,1.1295798920080804
24,-1.388672635293867,-1.4525385499942565
458,-0.47817798392890537,-0.7469145913689955
1202,2.4146353191784997,-1.3207186895917356
804,0.24808820784513566,-0.6538652781436859
950,0.773413280974357,2.5873524658712586
859,0.45748427059831737,0.7728908579777258
674,-0.189844086211838,0.34253778431067083
152,-1.0877296903310683,-0.3669632290323125
854,0.4371553463347213,-0.056798851614617736
1159,2.021850292116977,-1.340103963180341
669,-0.20600380111693678,-0.3281926818551011
364,-0.7326834739177079,0.3192754560043426
1140,1.8852529088654681,-0.25840569693611987
1141,1.8894512204710137,-1.1695135556006089
598,-0.28880065718729914,-0.29329918939560873
666,-0.20861940212768967,0.012988133304366944
206,-1.0106362533790056,0.7302432560827918
128,-1.1271568692745706,-0.25065158750067823
540,-0.34959975606039295,-0.12658583653359898
898,0.5913985200861077,1.7770480298675242
149,-1.0922129976330124,-0.17698754786397453
386,-0.6873407019814204,0.2766278541094087
1082,1.3555189988160898,0.1331768295537237
994,0.9013425175300316,1.1761045486207333
900,0.595634875157033,0.2960131276980144
495,-0.4054799786171775,-0.2622827516538424
476,-0.44471835453224423,-0.20412693088802183
27,-1.3813695994756654,-0.9368902725373335
422,-0.5495385153851837,-0.6616193875791275
533,-0.35707289910319967,-0.6810046611677333
87,-1.2009711955179099,-0.9640296555613842
110,-1.1504196844614554,-0.21188104032346688
848,0.4168269269698574,0.03625046161069517
690,-0.14929014642760532,-0.173110493146252
646,-0.23785146780270183,-0.11107761766271233
995,0.9027999492152534,0.9938829768878372
1208,2.4553031696479004,-1.2237923216487034
323,-0.8257473018422609,0.6216857239865993
927,0.6877923501844416,1.8584661789396695
769,0.14448022738769506,-0.987291983867709
1043,1.0757766050389412,0.44334120697142193
833,0.36007804286173306,-0.4910289799993918
594,-0.29169840783699313,-0.13046289125131805
215,-1.004834654008643,0.16031621257777445
256,-0.927893085359806,0.9202189372511334
727,-0.00962554260913628,0.3851853862056048
188,-1.03965924150378,0.5596528485030596
276,-0.9002620186723076,1.0869322901131466
980,0.8650587814029457,0.5286364107612898
474,-0.4475854896937122,-0.21188104032346688
1031,0.9872425656563514,0.8659401712030353
1110,1.538792873857178,-0.03741357802600858
139,-1.1137069473687486,-0.51429130830572
165,-1.0701032838687417,0.21459497862586907
1025,0.9757868395442355,0.28825901826257283
293,-0.8677911934467765,0.4200788786650937
16,-1.3945833451737528,-0.6344800045550768
501,-0.39773086548860753,-0.2428974780652367
908,0.623231687302251,0.35804600318155405
1189,2.3319151888012852,-0.9911690385854315
842,0.39348615512631924,0.8077843504372182
76,-1.2406100274317247,-0.7430375366512729
441,-0.5085092781853403,-0.08393823463866502
699,-0.12734147935635262,-0.16147932899308787
89,-1.188163411688418,-1.3323498537448997
133,-1.120950603020861,-0.10720056294499326
122,-1.135635910293736,-0.6150947309664712
568,-0.3190179549112207,0.7496285296713976
683,-0.1710460192967928,-0.29717624411333127
1089,1.37722531012642,0.6643333258815332
698,-0.12889850704716072,-0.49878308943483673
1028,0.981271329039175,0.40457065979421053
1203,2.43203331497943,-1.4796779330183036
517,-0.37644508535837706,-0.3088074082664954
1153,1.9649327136276908,-0.7391604819335503
788,0.2178365711866612,-0.7546687008044303
824,0.31211197130016655,-0.3669632290323125
936,0.7372122318376674,1.0287764693473258
1088,1.375676248777431,-0.7391604819335503
1045,1.0889015336648076,0.3231525107220652
1008,0.9333162386614715,1.1877357127738977
641,-0.24510989210675815,-0.20412693088802183
748,0.05875789925316198,-0.11883172709815396
759,0.11837887147755714,-0.3941026120563633
349,-0.7588008279882339,0.6216857239865993
164,-1.0732011039184979,0.28825901826257283
286,-0.8835784575003056,0.7883990768486125
873,0.5097834122579962,0.4782346994309143
321,-0.8286383171136525,0.047881625763855844
460,-0.4766442645174658,-0.6499882234259634
222,-0.9933299716341363,1.1605963297498503
978,0.8576641828527886,1.2497685882574372
527,-0.3676908323290932,-0.18474165729941613
628,-0.2567629914305552,-3.329033033371332
744,0.04132975939682622,0.8155384598726598
1192,2.3538054011116296,-0.5491848007652124
371,-0.7106204931153178,0.20684086919042746
1193,2.3581574172803728,-0.8671032876183522
234,-0.9686285020480845,1.1528422203144053
1180,2.2077990304767026,-0.7275293177803897
742,0.026855853372422866,-0.09169234407410663
1199,2.393043002945632,-0.9679067102791032
520,-0.3735257099101515,-0.38634850262092174
522,-0.3720535095729963,0.02074224273980854
802,0.24224854754892305,-1.204407048060098
815,0.28444043559628984,-0.843840959312024
550,-0.3408547323472942,-0.37471733846775757
670,-0.20563109854352637,0.19133265031954427
291,-0.8765541854438927,1.3893425580953995
1007,0.9318196358551797,1.0791781806777014
48,-1.3189065842476995,-0.8283327404411408
102,-1.166372543661797,0.16031621257777445
45,-1.3609428980059746,-0.7779310291107618
868,0.4953011543062876,0.21459497862586907
664,-0.21617095725455068,1.3466949562004658
534,-0.35562021812228184,-0.2428974780652367
1150,1.9315968964606738,0.11766861068284053
1080,1.3511210586874827,0.012988133304366944
14,-1.3987665840240808,-0.44062726866901625
1075,1.3075769776040638,0.1331768295537237
1178,2.1991014483297646,-0.9252591083841762
86,-1.2013256766304117,-2.635040238899228
776,0.17712956414656916,-2.2861053143043186
1122,1.6376294200710648,-0.712021098909503
768,0.1430066462179577,0.08277511822334818
428,-0.5335461824155276,-0.4367502139512972
871,0.5011016420263902,0.6371939428574893
5,-1.4061976604170172,-0.7895621932639328
678,-0.17952091781821175,0.40069360507648805
447,-0.4969918816748018,-0.750791646086718
68,-1.2537667515829192,-0.3281926818551011
965,0.8286826226155063,0.20296381447270495
659,-0.22045433047511903,-0.01802830443740288
932,0.7066784106193007,0.8969566089448051
500,-0.3996631377069997,0.28050490882713125
408,-0.582531082890374,-0.3281926818551011
480,-0.44033710225280637,-0.22351220447663442
1117,1.5765065748869511,-0.35533206487914837
717,-0.0559839976630816,0.19520970503726337
655,-0.2262386192393533,0.06338984463474248
1029,0.9842083875836765,0.7224891466473502
160,-1.0791521489511469,0.5790381220916654
171,-1.0602870207159785,0.34641483902838993
91,-1.1734366256016693,-0.11883172709815396
1183,2.233940097327594,-0.6771276064500107
147,-1.096631047863934,-0.13046289125131805
1173,2.1745046601126874,-0.8477180140297464
44,-1.3610196076937027,-0.33206973657281674
691,-0.14774207887066057,-0.31268446298421787
113,-1.1487024510905173,-0.06067590633233681
780,0.20174093622555256,-0.25840569693611987
1148,1.9214779385098055,-0.9795378744322674
969,0.8402242193446617,1.6258428958763942
553,-0.33673523587177134,-0.033536523308289504
726,-0.034227315791877815,0.5867922315271069
1012,0.9405530061561251,0.9473583202751806
772,0.16115642896939583,-0.8089474668525352
724,-0.04155679113464759,0.26111963523851867
1063,1.2464671826701157,-0.3204385724196595
1085,1.3686485588329937,0.2262261427790332
21,-1.3914121503870494,-0.27779097052472557
493,-0.4098375865031021,-0.15760227427536191
929,0.6930240774752624,0.6139316145511577
865,0.48806334209319713,0.49374291830179745
711,-0.07204377753836938,0.2533655258030804
172,-1.0572328183883126,0.2301031974967557
237,-0.9612900505660109,0.9589894844283449
531,-0.3642112157084282,-0.4483813781044579
414,-0.5684159532553757,-0.8826115064892422
763,0.12992159586242447,-2.441187503013168
268,-0.9113228455819264,1.5211624184979207
287,-0.8823672039650282,0.5247593560435673
1200,2.400115623057878,-0.843840959312024
1167,2.1104730147081527,-0.5918324026601463
766,0.13721760965949995,-0.5646930196360956
325,-0.8225376925550707,1.269153861846043
704,-0.10691688332897716,-0.38634850262092174
845,0.40794923274601563,-0.03741357802600858
221,-0.9945689611342706,0.8194155145903824
25,-1.3886111831513952,-3.0537621484131225
249,-0.9403709593305309,2.885885679135793
953,0.7894431525106494,0.3658001126169991
439,-0.5142897765714141,-0.9523984914082201
105,-1.15609784263726,-0.9911690385854315
443,-0.5013635685238994,-0.38634850262092174
288,-0.8808955594529978,0.6216857239865993
981,0.8650652141330252,0.43558709753598035
385,-0.6875173277834384,-0.5220454177411616
778,0.184353768829318,-0.750791646086718
634,-0.2509757562111284,-0.3979796667740893
1170,2.140810085471786,-1.029939585762643
996,0.9102295094569105,1.5870723486991827
584,-0.304573640027157,-0.06067590633233681
341,-0.7659028035244199,-0.5530618554829383
394,-0.6032928988954859,-0.5259224724588841
676,-0.18245140831395767,0.08277511822334818
948,0.7692839149652201,0.927973046686575
786,0.2146863929919424,-0.7469145913689955
816,0.28583602809849196,0.33866072959294835
226,-0.984613206245107,1.0753011259599823
648,-0.23486378697547572,-0.44062726866901625
1069,1.280065832370346,-0.1692334384285329
835,0.370241341689374,-0.2894221346778897
922,0.6610017711165282,0.9202189372511334
667,-0.20745346725579905,0.11766861068284053
945,0.7561638359863418,1.2613997524106013
513,-0.38368693821642885,0.37355422205244065
951,0.780871048613713,0.3968165503587655
265,-0.9127580966434813,0.6759644900346973
477,-0.44327522152117527,-0.7430375366512729
798,0.2351627244073429,-0.5879553479424238
401,-0.5959561148887975,-0.14984816483992378
31,-1.3797815008692413,-0.8283327404411408
101,-1.167582870336843,-0.3514550101614293
212,-1.0062951834731635,1.226506259951109
1003,0.9233393653275491,1.110194618419471
454,-0.48542940367233733,-0.6461111687082409
642,-0.24365551018453308,-0.4949060347171143
1126,1.7333489469876837,0.03625046161069517
649,-0.23470422151276407,0.16031621257777445
734,0.012149327257075442,-0.22738925919435005
107,-1.1533506798559334,-0.6771276064500107
259,-0.9235303077181685,1.5948264581346245
355,-0.7484029200305198,0.3968165503587655
620,-0.26397970120431696,-0.010274195001961283
322,-0.8272050696416277,0.501497027737239
523,-0.37139016865961305,0.42395593338281623
123,-1.1343050364978917,-1.0803412970930253
1006,0.9291452090484226,1.5831952939814637
596,-0.2902107142381821,-0.6150947309664712
412,-0.569899504356451,-0.6499882234259634
901,0.5971055768034008,0.2960131276980144
823,0.3092304705327224,-0.370840283750035
1032,0.9887006200985212,-0.06067590633233681
645,-0.2405131804734276,0.03625046161069517
687,-0.15919169090638224,0.3502918937461124
987,0.8854322662543046,0.9473583202751806
614,-0.2683847841223257,-0.22738925919435005
967,0.8347229226872962,0.3813083314878823
651,-0.23325110110988628,-0.13046289125131805
1056,1.1791034645704581,1.0326535240650485
224,-0.9888763209493252,1.7033839902308203
57,-1.2750979362238808,-0.6034635668133069
566,-0.32193069537887836,-0.24677453278295577
1090,1.3800038973979785,-0.01802830443740288
383,-0.6891649069536758,-0.19249576673485772
1217,2.5061352487152564,-0.929136163101885
796,0.2306517480723656,-0.8089474668525352
347,-0.7603139353087079,0.6992268183410221
2,-1.407624879659981,-1.7782111462828414
334,-0.7774296636125134,-0.08393823463866502
1184,2.252841482239522,-0.5608159649183765
210,-1.0077340895941926,1.1140716731371938
17,-1.394304732736081,-0.01802830443740288
218,-0.9989287413943125,0.9008336636625208
599,-0.28438225338176215,-0.21575809504118595
436,-0.5188792479276997,-0.3824714479031992
703,-0.1100501874294474,-0.29329918939560873
382,-0.6920775121026475,-0.07230707048550092
93,-1.1720024178035116,-0.5802012385069822
741,0.026803007789187906,-0.23126631391207256
1024,0.975443036967364,0.41620182394736777
40,-1.3669064374636648,1.0481617429359316
705,-0.09837098469522722,-0.3204385724196595
616,-0.26710956995630314,0.4084477145119296
605,-0.27998090991553165,-0.07618412520322344
561,-0.325066828076336,-0.6965128800386199
738,0.01941741738919641,-0.010274195001961283
514,-0.3793117490870244,-0.010274195001961283
116,-1.1457983346425775,-0.22738925919435005
379,-0.6949846099267314,0.9396042108397391
508,-0.3917697835927976,-0.10332350822727075
793,0.22498675945998303,-1.1462512272942806
1176,2.1845502433265973,-1.1423741725765582
970,0.8417095048529456,0.5906692862448294
425,-0.5451847982751543,-0.7352834272158313
979,0.863530383071315,1.3311867373295825
1027,0.9786042618227182,0.6449480522929275
562,-0.3248397138552285,-0.28554507996016715
626,-0.2596774328394991,-0.6499882234259634
855,0.4372212945495551,0.7573826391068392
423,-0.5480602693584866,-0.9252591083841762
71,-1.2508546687931714,-0.6189717856841935
882,0.5389606273051925,0.32702956543979106
489,-0.428182116119743,0.5674069579385012
692,-0.1463927478974871,-0.12658583653359898
1060,1.2255744480219508,0.7031038730587446
1168,2.117826556405914,-1.0609560235044162
846,0.4094949591442454,0.6333168881397633
636,-0.24952253541051614,-1.5300796443486828
81,-1.2273470562889248,-0.8554721234651881
939,0.7443750178438453,0.15643915786005194
496,-0.4049556594623928,-0.9950460933031507
911,0.6305053866120338,0.15256210314233629
559,-0.3265757754385926,-0.9175049989487277
302,-0.8474855090756644,0.8930795542270826
838,0.3746644263573012,-0.3941026120563633
156,-1.0848359468604345,0.05175868048157836
184,-1.0426384016191137,0.5480216843498955
511,-0.3860106059019818,-0.4793978158462277
832,0.35269428872172454,-0.6577423328614049
825,0.3135467858498412,-0.8787344517715163
707,-0.08939057777097949,-0.029659468590566986
638,-0.24801800118335704,-0.4832748705639502
186,-1.041025715753524,0.17582443144865761
179,-1.0501074530905556,0.39293949564104647
579,-0.3088614089223523,-0.5026601441525559
452,-0.4883437592339477,-0.2622827516538424
985,0.8811288513182753,1.3195555731764184
84,-1.2245850230028903,-0.6771276064500107
1067,1.266922108997975,-0.37471733846775757
862,0.46336141853479523,0.7651367485422843
914,0.6392974473902872,0.3774312767701597
1190,2.3435379243586962,-0.8360868498765824
261,-0.9156599752405208,0.5790381220916654
729,-0.003697485747130478,0.49374291830179745
719,-0.05323983226334038,0.5208823013258482
213,-1.0062863077316049,0.7263662013650694
681,-0.1740860757294629,-0.9989231480208731
515,-0.37868815258032795,-0.19249576673485772
831,0.3498374436002981,-1.0687101329398545
1010,0.9377100362923331,0.4782346994309143
912,0.6348234698022625,0.21847203334359158
695,-0.13611548600325443,-0.2816680252424481
1040,1.0585415096514825,0.17970148616638013
468,-0.4635347447609619,0.12542272011828212
609,-0.27421922228141343,-0.2739139158070031
332,-0.7788759962556557,0.4084477145119296
38,-1.3695563614035613,2.0096713129307964
1049,1.1093388292778241,0.982251812734673
34,-1.3783154480743922,-1.2858251971322432
603,-0.28138307046650984,-0.1420940554044822
812,0.2672544143294059,-0.9795378744322674
281,-0.8881478027488364,0.8388007881789881
252,-0.9380901512914338,0.7031038730587446
809,0.261119670547251,-0.13046289125131805
247,-0.9424397768301203,2.0949665167206644
308,-0.8430786757450273,0.21459497862586907
471,-0.4548877514308492,-0.4716437064107861
1206,2.4451498058306465,-1.204407048060098
1111,1.5516046488602988,0.07889806350562567
264,-0.9133503181312772,1.2342603693865506
361,-0.7381738403176026,0.00523402386892535
472,-0.453530000143507,-0.5802012385069822
314,-0.8355603813683812,1.2497685882574372
284,-0.8851128666005272,0.2533655258030804
630,-0.2538175474928477,0.5053740824549616
781,0.20475146990473528,-0.9717837649968188
144,-1.1022676079125981,0.17582443144865761
1068,1.2783883943324768,-0.3204385724196595
606,-0.2797837898807527,-0.34370090072598775
389,-0.6060688409050554,1.831326795915619
860,0.46040256786220507,0.6643333258815332
999,0.9143942402035268,1.6878757713599337
732,0.006349024327001425,-0.7662998649576012
255,-0.9287608040454836,-0.05292179689689522
424,-0.5466291768001192,-0.886488561206958
837,0.37323941440941677,-0.4212419950804106
591,-0.29429053469389194,-1.5649731368081787
1131,1.8006933334312345,-0.9795378744322674
241,-0.9548652766504414,0.4394641522536994
1165,2.090273360527746,-0.9330132178196109
930,0.699398851865044,1.07142407124226
335,-0.7763409607875534,-0.49878308943483673
1101,1.4733257416746681,0.1370538842714462
367,-0.7280161317521028,-0.3010532988310538
455,-0.48402911284725364,-0.7158981536272255
403,-0.5913766469297722,-0.5065371988702785
1195,2.3725180019106333,-1.2509317046727544
925,0.675548142478138,0.3968165503587655
42,-1.363756832554552,-1.0221854763272016
827,0.32368426790985183,0.12542272011828212
271,-0.9068262173924434,-0.21188104032346688
857,0.4429663103399444,0.7922761315663316
1164,2.0844875236013825,-0.9756608197145449
366,-0.7297665909523142,0.6643333258815332
713,-0.06330852150609906,0.3076442918511785
51,-1.312961619825544,-1.3517351273335054
440,-0.5130229317931781,-1.1191118442702335
887,0.5565117063674236,0.6255627787043183
1160,2.0331743560608064,-1.1152347895525108
502,-0.3967721064301775,-1.6386371764448753
885,0.5492950635254742,0.9434812655574617
1157,2.008665663216329,-1.4641697141474204
749,0.061731704822764515,1.5327935826510848
482,-0.4389349606173598,-0.23126631391207256
587,-0.29747845225071673,0.8077843504372182
944,0.7531912279143438,1.4746377618852673
706,-0.09258326203753893,-0.38634850262092174
758,0.11260992610591286,0.2533655258030804
166,-1.0646283947250834,-0.15760227427536191
536,-0.35460909946383873,0.05563573519930089
836,0.37167504458878897,-0.033536523308289504
957,0.8011456955351096,1.3234326278941408
37,-1.3696674929630956,0.18357854088409922
1084,1.3670112013159457,-0.18861871201713865
1064,1.250707866483866,-1.0764642423752995
453,-0.486677571562264,-0.6810046611677333
647,-0.23632088109150196,0.19520970503726337
1109,1.5328567327951597,-0.5336765818943257
1161,2.0408046579308152,-1.1578823914474448
1,-1.407639059020878,-3.7942795994978757
539,-0.350261091929206,-0.2428974780652367
388,-0.6091573647068036,-0.44062726866901625
162,-1.0774822712990373,0.5829151768093843
839,0.3832532355639001,-0.44062726866901625
1098,1.446905473095068,0.8077843504372182
955,0.792412140444136,0.7728908579777258
410,-0.5740815980906074,-0.19249576673485772
544,-0.3454949103785981,-0.06843001576778529
1051,1.1268339955333322,1.137334001443522
442,-0.5042112701764636,-0.5918324026601463
805,0.2539746345691506,0.16031621257777445
503,-0.3962594901588989,-0.2739139158070031
580,-0.307651520214237,-0.4755207611285086
145,-1.099334204427582,-0.20024987617030274
990,0.8954038170533578,1.3699572845067938
590,-0.29451808688190856,-0.06067590633233681
570,-0.3178060626135536,-0.1382170006867631
339,-0.7731932750756768,0.012988133304366944
298,-0.8576825910127438,5.150085634284988
551,-0.3394779680575081,0.08277511822334818
1102,1.4803663480056348,-0.316561517701937
905,0.6130397416549732,0.4317100428182578
992,0.8969071057666103,1.1761045486207333
575,-0.3146583608962364,-3.4492217296206853
718,-0.05597754747254214,0.2766278541094087
850,0.42570849596415333,0.16807032201321603
552,-0.338095849221991,-1.2858251971322432
785,0.21341916117316842,0.4782346994309143
771,0.1517268134895696,-0.6693734970145692
971,0.8431404446321664,1.168350439185292
918,0.6508866530151621,-0.6771276064500107
1023,0.9684595700414944,1.04040763350049
512,-0.3851528396871613,-0.31268446298421787
312,-0.8370249703933946,1.2303833146688246
1169,2.122181823133124,-1.2664399235436374
66,-1.256642509309065,-1.2393005405195834
817,0.29606315369323144,-0.4949060347171143
131,-1.124024205391519,-0.34370090072598775
746,0.051534857147066244,-0.2739139158070031
375,-0.6978474512663467,0.07114395407018406
225,-0.9875001968769574,1.183858658056175
343,-0.7643313767617351,0.00523402386892535
1077,1.329369664430176,-0.20024987617030274
672,-0.20009155762530148,0.047881625763855844
178,-1.0514752747069704,-0.006397140284238765
377,-0.6963749642863886,-0.2622827516538424
170,-1.0614752366092604,-0.45613548753990296
530,-0.3647894266199249,-0.6654964422968467
826,0.31512114160723803,-0.5453077460474899
1147,1.9214195012093886,-0.948521436690494
856,0.4402984515819421,0.7108579824941862
159,-1.0804802930926873,-0.23126631391207256
709,-0.084976233525925,-0.33594679129054267
631,-0.2536021536157274,-0.19249576673485772
20,-1.3915921111398273,-0.4173649403626915
623,-0.2623312795661516,0.3774312767701597
1134,1.8413478470076556,-0.987291983867709
174,-1.0558187192374284,-0.06067590633233681
1057,1.1883762762527474,0.37355422205244065
498,-0.40343586768999895,-0.08393823463866502
270,-0.909900611304637,0.16419326729549352
451,-0.4926140487384278,-0.2622827516538424
1078,1.3438095516287305,0.15643915786005194
1035,1.0089854552071957,0.2921360729802953
880,0.5360421787171881,1.141211056161241
1026,0.9769023529288595,1.393219612813122
1207,2.4468147145225227,-1.204407048060098
632,-0.2524282203911571,0.09828333709423137
396,-0.6014702770063115,-0.033536523308289504
548,-0.34231179299740905,-0.9175049989487277
685,-0.16939480252756256,0.12154566540055961
849,0.41847725179981804,0.8659401712030353
1048,1.1050586716947703,0.7224891466473502
941,0.7473517364027293,1.121825782572642
1096,1.4237299922950577,0.5984233956802709
625,-0.26087145725087263,-0.4173649403626915
821,0.3005609604647871,-0.5220454177411616
1113,1.5592025324480328,-0.5104142535879975
54,-1.3027305699890086,-0.316561517701937
1020,0.9624072964488255,0.7961531862840541
61,-1.2681471916835718,-0.9834149291499898
933,0.7067427932115241,5.122946251260938
629,-0.2565107675910692,-4.779051497799069
989,0.8939497377793767,1.5289165279333656
799,0.23649659412972207,-1.0028002027385958
161,-1.078945377638694,0.4084477145119296
363,-0.7342539068883482,0.9512353749929032
984,0.8795128144964854,0.9589894844283449
906,0.6188790149106481,1.0210223599118844
200,-1.0208977019028673,0.8426778428967071
557,-0.33374189494050066,-0.13433994596904056
608,-0.2755032947285137,-0.3785943931854767
694,-0.13904819979949992,-0.29329918939560873
737,0.01677165486256719,0.14868504842461033
830,0.34687194194169896,-0.7042669894740615
82,-1.2271679205435937,-1.5882354651144963
783,0.21050495693567522,-0.7662998649576012
633,-0.2521473337265932,-0.3979796667740893
858,0.4489503789513474,0.9085877730979693
269,-0.9103683963507901,2.1531223374864816
10,-1.403267676275054,-0.4522584328221804
304,-0.8460607663101021,0.10603744652967642
794,0.22656754940249912,-0.33594679129054267
1036,1.023502236883496,0.7186120919296278
125,-1.129784512193055,-0.2622827516538424
1221,2.5541983219468127,-1.3982597839461584
378,-0.6960932860802789,0.23785730693219728
399,-0.5986214476980458,-1.1811447197537697
117,-1.1446301255437838,-0.8942426706423996
708,-0.08814710820391385,-0.23902042334751417
1162,2.056877878006887,-0.7042669894740615
297,-0.8604993061419857,0.40457065979421053
952,0.7837901883455279,0.6371939428574893
157,-1.083306605663141,0.2262261427790332
411,-0.571361128010751,-0.5453077460474899
743,0.028254172618848068,-0.3281926818551011
197,-1.025286565494447,1.04040763350049
227,-0.9829309360207205,2.544704863976325
573,-0.3149277949441053,1.8507120695042245
881,0.5377028605190246,0.14093093898916528
593,-0.2930581467084244,-0.45613548753990296
181,-1.0442921283316569,1.110194618419471
1087,1.3729625155309169,-1.2082841027778202
820,0.29902331826657036,-0.7779310291107618
1070,1.287071140895647,-0.041290632743731105
928,0.6915562378917719,1.7344004279725902
1218,2.5078205672475984,-1.1927758839069404
